{
    "name": "root",
    "gauges": {
        "RollerBall.Policy.Entropy.mean": {
            "value": 1.4018545150756836,
            "min": 1.4018545150756836,
            "max": 1.4018545150756836,
            "count": 1
        },
        "RollerBall.Environment.EpisodeLength.mean": {
            "value": 11.106537530266344,
            "min": 11.106537530266344,
            "max": 11.106537530266344,
            "count": 1
        },
        "RollerBall.Policy.ExtrinsicValueEstimate.mean": {
            "value": 0.6756218671798706,
            "min": 0.6756218671798706,
            "max": 0.6756218671798706,
            "count": 1
        },
        "RollerBall.Environment.CumulativeReward.mean": {
            "value": 0.7187878787878788,
            "min": 0.7187878787878788,
            "max": 0.7187878787878788,
            "count": 1
        },
        "RollerBall.Policy.ExtrinsicReward.mean": {
            "value": 0.7187878787878788,
            "min": 0.7187878787878788,
            "max": 0.7187878787878788,
            "count": 1
        },
        "RollerBall.Losses.ValueLoss.mean": {
            "value": 0.11397157609462738,
            "min": 0.11397157609462738,
            "max": 0.11397157609462738,
            "count": 1
        },
        "RollerBall.Losses.PolicyLoss.mean": {
            "value": 0.24609047174453735,
            "min": 0.24609047174453735,
            "max": 0.24609047174453735,
            "count": 1
        },
        "RollerBall.Policy.LearningRate.mean": {
            "value": 0.0002969640481751412,
            "min": 0.0002969640481751412,
            "max": 0.0002969640481751412,
            "count": 1
        },
        "RollerBall.Policy.Epsilon.mean": {
            "value": 0.19898797571659088,
            "min": 0.19898797571659088,
            "max": 0.19898797571659088,
            "count": 1
        },
        "RollerBall.Policy.Beta.mean": {
            "value": 0.0004950412549078465,
            "min": 0.0004950412549078465,
            "max": 0.0004950412549078465,
            "count": 1
        },
        "RollerBall.IsTraining.mean": {
            "value": 1.0,
            "min": 1.0,
            "max": 1.0,
            "count": 1
        }
    },
    "metadata": {
        "timer_format_version": "0.1.0",
        "start_time_seconds": "1597499827",
        "python_version": "3.8.5 (default, Jul 21 2020, 10:48:26) \n[Clang 11.0.3 (clang-1103.0.32.62)]",
        "command_line_arguments": "/usr/local/bin/mlagents-learn config/rollerball_config.yaml --run-id=RollerBall",
        "mlagents_version": "0.18.1",
        "mlagents_envs_version": "0.18.1",
        "communication_protocol_version": "1.0.0",
        "tensorflow_version": "2.3.0",
        "end_time_seconds": "1597499952"
    },
    "total": 125.37596481599999,
    "count": 1,
    "self": 0.004945729999988657,
    "children": {
        "run_training.setup": {
            "total": 0.04642645000000023,
            "count": 1,
            "self": 0.04642645000000023
        },
        "TrainerController.start_learning": {
            "total": 125.324592636,
            "count": 1,
            "self": 4.484629310998642,
            "children": {
                "TrainerController._reset_env": {
                    "total": 4.974449347000002,
                    "count": 1,
                    "self": 4.974449347000002
                },
                "TrainerController.advance": {
                    "total": 115.62587903000136,
                    "count": 14527,
                    "self": 0.17600657300123146,
                    "children": {
                        "env_step": {
                            "total": 115.44987245700013,
                            "count": 14527,
                            "self": 106.70105512799951,
                            "children": {
                                "SubprocessEnvManager._take_step": {
                                    "total": 8.555480747000878,
                                    "count": 14527,
                                    "self": 0.3594355710007733,
                                    "children": {
                                        "NNPolicy.evaluate": {
                                            "total": 8.196045176000105,
                                            "count": 13449,
                                            "self": 8.196045176000105
                                        }
                                    }
                                },
                                "workers": {
                                    "total": 0.1933365819997377,
                                    "count": 14526,
                                    "self": 0.0,
                                    "children": {
                                        "worker_root": {
                                            "total": 119.54713501800055,
                                            "count": 14526,
                                            "is_parallel": true,
                                            "self": 26.038904635000605,
                                            "children": {
                                                "steps_from_proto": {
                                                    "total": 0.0002343270000002562,
                                                    "count": 1,
                                                    "is_parallel": true,
                                                    "self": 9.887800000019098e-05,
                                                    "children": {
                                                        "_process_vector_observation": {
                                                            "total": 0.0001354490000000652,
                                                            "count": 2,
                                                            "is_parallel": true,
                                                            "self": 0.0001354490000000652
                                                        }
                                                    }
                                                },
                                                "UnityEnvironment.step": {
                                                    "total": 93.50799605599994,
                                                    "count": 14526,
                                                    "is_parallel": true,
                                                    "self": 1.1906979150007828,
                                                    "children": {
                                                        "UnityEnvironment._generate_step_input": {
                                                            "total": 0.7108224129993612,
                                                            "count": 14526,
                                                            "is_parallel": true,
                                                            "self": 0.7108224129993612
                                                        },
                                                        "communicator.exchange": {
                                                            "total": 88.97317618399941,
                                                            "count": 14526,
                                                            "is_parallel": true,
                                                            "self": 88.97317618399941
                                                        },
                                                        "steps_from_proto": {
                                                            "total": 2.6332995440003817,
                                                            "count": 14526,
                                                            "is_parallel": true,